{"batch_progress": 0.0, "_timestamp": 1700663122.9608207, "_runtime": 98.5554575920105, "_step": 1, "_wandb": {"runtime": 189}}